affiliation	Number	lat	long	country			
Aurum Press Limited	2			
Editorial Seleer	1			
Unam	3	19.3188895	-99.1843676	Mexico
Ediciones Akal	8	19.3288368	-99.1659395	Mexico
American Soc Plant Taxonomists	2			
Times Supplements Limited	11			
Chartered Inst Water Environmental Management	1			
Random House	15	40.76521	-73.982502	United States
Internet Gesellschaft Collaboratory	1			
Ieeeinst Electrical Electronics Engineers	10	40.5410566	-74.4697812	United States
Conseil National Du Numérique	1			
Temple University Dept Spanish Portuguese	1			
University Tarapaca	1			
Ios Press	5	38.828489	-77.290865	United States
El Colegio De Mexico Ac	2			
American Criminal Law Review	1			
Brill Nijhoff	1			
Brill Academic Publ	30	42.35729	-71.05528	United States
Gestalten	1			
Peter Lang Pub Incorporated	3	40.70616	-74.013708	United States
Lawrence Erlbaum Assoc Publ	1			
Acad American Franciscan Hist	6	37.8771708	-122.2608427	United States
Organ American Historians	8			
Pontificia University Catolica Chile Centro Estud Lit Chilena	1			
George Washington University	8	38.8997145	-77.0485992	United States
University Alberta	1			
Vervuert Verlag	2			
Editum	1			
Groveatlantic	1			
University Nacional Del Centro De La Provincia De Buenos Aires	1			
Latvia University Agriculture	1	56.65536	23.7331707	Latvia
Arnold Hodder Headline Plc	1			
Queens Quarterly	1			
Springer Heidelberg	6	49.424617	8.656530499999999	Germany
Rowman Littlefield	7	40.736902	-73.98919099999999	United States
Studies Latin American Popular Culture	1			
Motorbooks International	4	44.9812735	-93.27326889999999	United States
Inst Economic Researchpoland	1			
Millennium Publ Group	2	17.385044	78.486671	India
University Politèc De Catalunya	1			
Apollo Magazine	1			
European Society For Engineering Education Sefi	3			
New Directions Publ	2			
Jai Press	3	25.6125	85.1283333	India
Southern Historical Assoc	22	33.9534116	-83.37343469999999	United States
Maik Naukainterperiodicaspringer	9			
University Federal Santa Catarina Nucleo Traducao	1			
Berghahn Books	31	40.7042522	-73.9867565	United States
Museum of Fine Arts Houston	1			
Studienverlag Gesmbh	4	47.26585799999999	11.3957287	Austria
Springer Netherlands	9	51.8108893	4.6656413	Netherlands
University De Cantabria	4	43.471405	-3.804062	Spain
History Today	1			
Elsevier Gmbh Urban Fischer Verlag	2			
Reimage Publ	1			
Lexington Books	1			
Associated University Presse	1			
New York University Press	5	40.7336626	-73.9907953	United States
Catarata	1			
American Economic Assoc	5	40.4299126	-79.96977679999999	United States
Weider Hist Grp	2	39.0809433	-77.5559585	United States
Silesian University Opava Inst Foreign Languages	1			
American Library Assoc	1			
Assn Educ Journalism Mass Communication	2	33.49957	-90.344877	United States
Medimond S R L	1			
American Geophysical Union	23	38.9147	-77.0453437	United States
Macmillan	6	40.7409928	-73.98965869999999	United States
Simon Fraser University Int History Review	11	49.2780937	-122.9198833	Canada
Competition Policy Int	1			
Soc Motion Picture Tv Eng	1			
Hudson Institute	2			
Int Assoc Plant Taxonomy	1			
Wiley Periodicals	1			
Cogitatio Press	2			
Wallflower Press	1			
Edinburgh Critical Studies In Atlantic Literatures And Cultu	1			
Die Gestalten Verlagdgv	1			
Austrian Academy of Sciences	1			
Istituti Editoriali E Polgrafici Internazionali	1			
Mary Ann Liebert	2			
University of Georgia	5	33.9480053	-83.3773221	United States
Catholic University of America Press	1			
University De Alicante	1			
Unm Press	2			
Tsinghua University Press	1			
American Planning Assoc	2	41.8859674	-87.6235552	United States
Grupo Planeta Gbs	3			
Lawbook Exchange Limited	1			
Bloomsbury Publ	5	40.6543524	-75.08655770000001	United States
Editorial Mundo Hispano	2			
Bibliographical Soc American	2			
Penguin Uk	6	51.5430102	-0.0068461	United Kingdom
Edward Elgar Publ	21	42.3142334	-72.63285189999999	United States
Seta	1			
Odense University Press	4	55.369277	10.429544	Denmark
Berg Publ	5	44.4587839	-93.1574401	United States
University Los Andes Fac Ciencias Soc	1			
University Calif	1			
Ariel University Calgary	1			
Beacon Press	1			
Createspace Independent Publ Platform	2	32.8800516	-80.0128368	United States
British Inst Int Comp Law	1			
Akademiai Kiado Rt	4	47.4688303	19.0469856	Hungary
A M S Press	3	40.6998903	-73.96990240000001	United States
Canadian Review American Studies	1			
Bur Economic Business Research University Illinois	1			
Government Printing office	2			
Houghton Mifflin	2			
Sociologicky Casopis	1			
La Factoría De Ideas	1			
Northwestern University	1			
Edinburgh University Press	55	55.9434912	-3.1904495	United Kingdom
Spie Int Soc Optical Engineering	1			
Communications Satellite Corp	1			
Skyhorse Publ	1			
Iatedint Assoc Technology Education A Development	7			
Powerkids Press	2			
Department of Spanish Literature of The University of Granada	3	37.1846223	-3.6006329	Spain
Duke University	1			
Historical Society of Pennsylvania	1			
Peter Lang Ag	12	40.70616	-74.013708	United States
Turkish Policy Quarterly	1			
Editorial Visión Libros	1			
University Nac Mar Plata	1			
Chartwell Books	1			
Modern Humanities Research Association	3			
John Wiley And Sons	18	40.5335324	-74.54045839999999	United States
T M C Asser Press	1			
University Calif Press	2	37.8107517	-122.2638832	United States
Fondo De Cultura Economica	4	32.5940562	-117.0864976	United States
Sense Publ	4	35.6861133	-105.9409861	United States
Heldref Publ	4	39.9490386	-75.1471998	United States
Edward Arnold Publ	1			
University Estado Rio Janeiro	1			
Annual Reviews	2			
Wiley - Blackwell Publ	315			
Center Migration Studies	1			
Debolsllo	8	4.7455153	-74.12975589999999	Colombia
Encyclopaedia Britannica	1			
Georgetown University Press	3	38.9076089	-77.07225849999999	United States
Fondo Cultura Economica	1			
Seal Press	1			
University of Texas Press	5	30.2849185	-97.7340567	United States
Lexxion Verlagsgesellschaft Mbh	2	52.49048	13.33391	Germany
Nature Publ Group	15	37.7908343	-122.4015725	United States
The University Press of Kentucky	1			
Julio Verne	1			
Uluslararasi Iliskiler Konseyi Dernegi	1			
Oup Oxford	4	51.7583812	-1.26544	United Kingdom
Oneworld Publ	3	39.3346022	-76.62051780000002	United States
Folia Humanistica	1			
Informa Healthcare	1			
Mississippi Quarterly	1			
Librairie Droz Sa	1			
Gunter Narr Verlag	2			
Kluwer Law International	14	40.7417806	-74.00450119999999	United States
Libreria Cientifica Medinaceli	2	40.4149847	-3.6959198	Spain
Simon And Schuster	13	40.7588344	-73.9808334	United States
Syracuse University Press	1			
Springer Fachmedien	4	50.06683	8.270669999999999	Germany
Soc Ed Dante Alighieri	1			
Arizona State University	4	33.4535383	-112.0731216	United States
Applewood Books	3	42.515553	-71.323719	United States
University Murcia	1			
Inst Int Lit Iberoamericana	7			
Bmj Publ Group	2			
Oxford University Press On Demand	3	40.7482596	-73.9828835	United States
University Wales Press	1			
50Minutoses	1			
University of Ottawa Press	1			
Createspace	2			
Sarah Crichton Books	1			
University Illinois Press	13	40.1006838	-88.24303739999999	United States
American Assoc Museums	1			
Iustel	2			
Cauces Editores	1			
University Nebraska Press	6	40.807721	-96.704887	United States
New Left Books	1			
Columbia University Press	1			
African Studies Review	1			
Knopf	2	40.5532759	-75.489593	United States
Diane Publ	1			
Palibrio	7	39.1519401	-86.5755288	United States
Edizioni Universityersitarie Di Lettere Economia Diritto	1			
German Historical Inst	3	38.91176	-77.0410436	United States
American Scholars Press	1			
Oecd Publ	1			
Montena	1			
American Journal Science	1			
Tmc Asser Press	2			
Rand Corporation	1			
Oreilly Media	1			
Selector	1			
Marcial Pons Historia	6	40.4306885	-3.7068351	Spain
De Gruyter Open	5	42.355065	-71.054098	United States
Yale French Studies	2			
Zondervan	2	42.915239	-85.5714479	United States
Rutgers University Press	9	40.4981958	-74.44679579999999	United States
Sudamericana	8	19.7404353	-101.1739706	Mexico
S Karger Ag	1			
Daedalus	1			
Roca Editorial	4	41.3848834	2.1849359	Spain
Center For Transatlantic Relations	2			
Bowker Magazine Group Cahners Magazine Division	8			
Babesbolyai University	1			
Somaceges	1			
Laurel Leaf	1			
Shambhala Publ	1			
Liverpool Academic Press	1			
Max Niemeyer Verlag	3			
Kitlv Press	7	52.1585567	4.482557799999999	Netherlands
University Chile Fac Filos Human Educ	2	-33.4445204	-70.6509277	Chile
Common Ground Research Networks	1			
Universityersidade Federal Do Rio Grande Do Sul	2			
George Washington University Natl Law Center	2			
Powerhouse Books	1			
Libros Del Zorzal	2			
History Pressltd	1			
University Zilina Fac Operation Economics Transport Communication	2			
W W Norton	2	41.9667703	-71.1869963	United States
Ljubljana University Faculty of Social Sciences	1			
Siruela	9	38.9790703	-5.0481593	Spain
Society For Historical Archaeology	2			
Picador	3	40.7409928	-73.98965869999999	United States
Public Library Science	17	40.7482687	-73.9829748	United States
Calaloux Publ	1			
University of Virginia Press	12	38.0335529	-78.5079772	United States
University Nac Centro Provincia Buenos Aires	2			
Trans Atlantic	1			
Boydell Press	1			
Profile Books	2			
Histoire Sociale Dept History	4			
Editions Rodopi B V	2			
Mcclelland Stewart	3	34.2508669	-77.9098929	United States
Wide Eyed Editions	1			
American Assoc Advancement Science	7	38.9002325	-77.028458	United States
University of Alabama Press	6	33.2166268	-87.5421508	United States
Future Acad	1			
University Autonoma Barcelona Dept Flilologia Espanyola	1			
Lawtext Publ	1			
Craven Street Books	1			
Hmso Books	1			
Consejo Superior De Investigacinvestigaciones Cientificas	1			
Mcgrawhill Professional	1			
Kids Can Press	1			
Editorial Dunken	7	-34.6050854	-58.39510439999999	Argentina
University Complutense Madrid Servicio Publicaciones	3	40.4478246	-3.728587199999999	Spain
Editorial Uned	5	9.9408578	-84.04785629999999	Costa Rica
Consejo Superior Investigaciones Cientaficas	2	40.4504071	-3.7240333	Spain
Charles Peterson Sheppard	1			
Sunystate University Ny Fredonia	1			
Editorial Cultiva Libros Sl	1			
Nordica	2			
Plaza Janes	6	36.3541231	-86.32630139999999	United States
Southern Historical Assn	1			
Spieint Soc Optical Engineering	1			
Academic Press Elsevier Science	15			
Consejo Superior De Investigaciones Cientificas Instituto De Economia Y Geografia Aplicadas	2			
Libros Del Asteroide	1			
Palgrave	1			
Edicions Universityersitat Barcelona	1			
Alba Editorial	3	41.3814768	2.1764466	Spain
American Soc Church History	6	38.4608927	-122.6689576	United States
Organization Economic Cooperation Development	1			
University Barcelona Dept Historia Inst Economiques	1			
Att Bell Laboratories	1			
University of Nebraska Press	7	40.8201966	-96.70047629999999	United States
Oup Usa	3	35.8224484	-78.80541649999999	United States
Planeta Publ	1			
Author House	1			
American Soc Comparative Law	6	38.9124153	-77.0500338	United States
University North Carolina Press	28	35.9155658	-79.04552699999999	United States
Ohio University Press	9	39.3281624	-82.1017911	United States
Encounter	8	40.6243076	-75.4442325	United States
Frank Cass Co	11	42.598934	-82.897626	United States
Parramon	1			
David R Godine Publ	1			
Pacific Affairs University British Columbia	2			
Earbooks	1			
Pergamon Elsevier Science	33	38.4666735	-91.8154572	United States
Counc Religion Int Affairs	1			
Longman Group Uk	1			
Carol I Natl Defense University	1			
Urban Und Fischer Verlag Jena	1			
Melandrium	1			
Entrelineas Editores	1	40.290626	-3.789026	Spain
Revue D Histoire Ecclesiastique	1			
European Assoc American Studies	2			
University Do Vale Do Rio Dos Sinos	1			
Didiererudition	1			
University De Chile Facultad De Filosofia Y Humanidades Departamento De Literatura	1			
Aragón Tiene Talento	1			
Hachette Books	1			
Historical Soc Pa	10	39.947787	-75.16273199999999	United States
Munksgaard Int Publ	1			
Iuniversityerse	3			
Metropolitni Universityerzita Praha	1			
Louisiana State University Press	10	30.4132579	-91.1800023	United States
Hoover Inst	1			
American Assoc Teachers Spanish Portuguese	11	42.537048	-83.491957	United States
Sixteenth Century Journal Publ	4			
Punto Rojo Libros	3	37.3897581	-5.9917064	Spain
Lumen Editorial	1			
Assoc Evolutionary Economics	1			
Gesis Leibniz Institute For The Social Sciences	2			
Ieee Computer Soc Learning Technology Task Force	1			
Genealogical Publ Com	1			
Asoc Historia Abierta	1			
Colegio De Mexico Centro De Estudios Historicos	2			
Nyu Press	4	40.7336626	-73.9907953	United States
Mango Media	1			
Fundacion Lazaro Galdiano	1			
Agencia Espanola Cooperacion Int Desarroloaecid	1			
Int Studies Philosophy	1			
Sage Publ	160	34.191167	-118.927684	United States
United Chapters Phi Beta Kappa	1			
Centro De Estudios Historicus Consejo Super Invest Cientif	1			
Harpers Magazine Foundation	1			
Boydell And Brewer	3	43.1369666	-77.613913	United States
Inst Early American Hist Cult	28	37.26991690000001	-76.7160653	United States
New York State Hist Assoc	2			
Houghton Mifflin Harcourt	8	42.3552909	-71.05307669999999	United States
Abrams	1			
Woltersnoordhoff B V	1			
American Assoc Teachers French	2			
Verbum Editorial	5	40.3084162	-3.4765557	Spain
Bluebridge	1			
American Marketing Assoc	1			
Linkgua Digital	11	41.381936	2.156539	Spain
Temple University School Law	1			
J West	1			
Current Hist	2			
Pontificia University Jave	1			
Cameron May	1			
Northeastern University Pr	1			
University Kansas	2	38.9543439	-95.2557961	United States
Turner	4	39.0603759	-94.7027873	United States
Vintage Canada	2	43.7785417	-79.4897992	Canada
University De Tarapaca	3	-20.2336753	-70.14121759999999	Chile
Trinity College	2			
Babelcube	1			
Kent State University	2	41.1490629	-81.34146489999999	United States
Oxford University Press	327	40.7482596	-73.9828835	United States
Science History Publ	1			
Librairie Armand Colin	1			
Wentworth Press	1			
New York Review of Books	2			
The University of Alabama Press	3	33.2166268	-87.5421508	United States
Solaris	1			
Int Assoc Plant Taxonomyiapt	1			
Editorial Gedisa	1			
Ediciones Del Serbal Sa	1			
University Press of Florida	2	29.6526163	-82.341544	United States
Avotaynu	1			
Equinox Publ	2	40.754686	-73.985472	United States
New York Review	7	40.7127753	-74.0059728	United States
Pion	4	46.005995	4.118169	France
John Rylands University Library Attn Ms Judith E Kent	1			
Flinders University Humanities Research Centre	1			
Mit Press	38	42.3623902	-71.0982617	United States
University Concepcion Biblioteca Central	1			
Elsevier Bv	2			
Northeastern University	1			
Kent State University Press	7	41.1490629	-81.34146489999999	United States
J History Co	1			
John Benjamins Publ Co	1			
Vsbtech University Ostrava	4	49.8307856	18.162868	Czechia
Crowood Press Uk	1			
Metropolitan Books	1			
University Wisconsin Madison African Studies Program	1			
Vintage Espanol	2	38.5800123	-121.4908543	United States
Czech Society of International Law	1			
Editorial Limusa	1			
Delacorte Press Books For Young Readers	1			
Fairleigh Dickinson University Press	1			
Eurospan	1			
Cide	1			
Markus Wiener Publ	1			
Brill	13	45.6027334	-91.6721121	United States
Gibbs Smith Publ	1			
Henry Holt And Company	4	40.7409928	-73.98965869999999	United States
University Alabama Press	1			
Melville House	2			
Business History Review	1			
English Assoc	1			
Ediciones Colihue Srl	2	-34.6086691	-58.439148	Argentina
American Society of Comparative Law	2			
New Canadian Library	1			
Editorial Reus	1			
Tyndale Espanol	1			
Springer	56	36.36114450000001	-104.5952668	United States
Clarendon Press	1			
Sweet Maxwell	3	43.1975924	-97.6062384	United States
Saturday Review Partners	1			
Inst Oceanografico University Sao Paulo	1			
American Fed Inform Processing Soc	1			
Encuentro	2	37.797269	-122.2788426	United States
Arno Pr	1			
New Scientist Publ Expediting	1			
Edition Reichenberger	1			
University Toulouse Iijean Jaures	1			
Springerverlag	1			
Inferenze Scarl	1			
Berkeley Electronic Press	3	37.8705535	-122.2711502	United States
Soho Press	1			
Mcgill University	2			
Mcgillqueens Press Mqup	5	45.502196	-73.57574000000001	Canada
Ieee	17	38.904036	-77.045288	United States
West Chester University	2	39.9518653	-75.5999933	United States
Rutgers University	1			
University of Pittsburgh Press	2			
Carnegie Mellon University Press	4	40.4433542	-79.94192740000001	United States
University California Press	14	37.8107517	-122.2638832	United States
State University of New York Press	5	42.6503027	-73.75275959999999	United States
Viking Press	1			
Northwestern University Press	3	42.0564594	-87.67526699999999	United States
Ediciones Babylon	1			
Iberoamericana Editorial	1			
Canadian Inst Int Affairs	14	45.4271877	-75.6943896	Canada
Institut Des Hautes Etudes De Lamerique Latine Iheal	1			
Atlantic Council U S	1			
Little Brown	1			
Palgrave Macmillan Uk	3	51.29751049999999	-1.0637855	United Kingdom
Canongate Books	2			
Seminari Deconomia Crítica Taifa	1			
M E Sharpe	2			
Ens Editions	1			
Assoc Advancement Baltic Studies	1			
Helbing Lichtenhahn Verlag	1			
New York Warner Books	1			
Reverte	2			
Grijalbo	2			
American Political Science Assoc	2	38.9106846	-77.0420266	United States
University Wisconsin Press	5	43.0641729	-89.41877099999999	United States
University of Dubronvnik	1			
Antiquity	1			
Springer New York Llc	3	40.72582200000001	-74.004834	United States
Ediciones Nowtilus Sl	3	40.4103966	-3.654838299999999	Spain
Broadway Books	1			
Harvard Law Rev Assoc	1			
London R Bentley	1			
University of California Press	8	37.8107517	-122.2638832	United States
Ediciones Era	2	19.4243687	-99.1585569	Mexico
Xlibris Corporation	2			
Abcclio	1			
Prentice Hall	1			
Fodors Travel	1			
African Studies Center	8	42.27468690000001	-83.7364887	United States
University Oklahoma Press	2	35.2687554	-97.4831945	United States
University Press of Kentucky	8	38.035635	-84.50841199999999	United States
Juraj Dobrila University Pula	1			
University Iowa Dept English	1			
Los Libros De La Catarata	2			
University Nacional Educacion Distancia	1			
Amazoncrossing	1			
Center For Transatlantic Relations Sais	1			
General Books Llc	1			
Grupo Planeta Spain	6	41.3894289	2.1285734	Spain
Firenze University Press	1			
Bucknell University Press	3	40.9546869	-76.8835514	United States
University of Chicago Press	12	41.7858303	-87.59053970000001	United States
York University	1			
Fordham University School Law	1			
Agricultural History Society	1			
Carfax Publ Co	1			
Junta Andalucia Centro Documentacion Musical Andalucia	1			
Australian International Academic Centre Pty	2			
Penguin Group Usa	1			
Aerospace Medical Assoc	6	38.8027939	-77.0516895	United States
University Federal Fluminense	1			
Jules Verne	1			
Boston University Scholarly Publ	2			
Gordon Breach Sci Publ	1			
Editorial Biblos	1			
Charles C Thomas Publ	1			
Cornell Int Law Journal	3	42.443864	-76.48582680000001	United States
El Colegio De Michoacán Ac	2			
University Barcelona	1			
Plaza Valdes	1			
Modern Language Assoc American	3	40.7039998	-74.0112394	United States
Notre Dame Law School	1			
Soc French Studies	1			
American Econ Assn	1			
Basic Books	2			
Consejo Superior Investigaciones Cientificascsic	5	29.5181283	-98.45805569999999	United States
Philosophy Today Depaul University	1			
University Nac La Plata Fac Humanidades Ciencias Educ	1			
West Virginia University	1			
Cartech	2			
Real Academia De La Historia	1			
Siglo Xxi	2	19.8105778	-90.493894	Mexico
Cambridge University Press	456	40.7096898	-74.01101539999999	United States
Cornell University Press	8	42.43985	-76.491564	United States
Liber Factory	1			
Soc Historical Archaeology	4	39.17869270000001	-77.2708743	United States
Anova Books	1			
Paw Prints	1			
Williams Wilkins	1			
Minotaur Books	1			
Baylor University Press	1			
Museum Under Construction	1			
University Pennsylvania Press	14	39.95187960000001	-75.2017146	United States
Historical Reflections	1			
Csis	3	38.9065175	-77.03769120000001	United States
Lumen	3	29.7272742	-95.4191352	United States
Psychology Press	1			
University of Illinois Press	9	40.1006838	-88.24303739999999	United States
European Inst Romania	1			
Maruzen Co	1			
Reaktion Books	3	51.531992	-0.09572	United Kingdom
Duke Law Publ	2	35.999804	-78.945318	United States
Ruben Ygua	1			
Channel View Publ	1			
Harvard University Press	10	42.382977	-71.1270917	United States
Washington State University Press	1			
Nus Press	1			
Capstone	1	44.17754559999999	-94.0391872	United States
Xulon Press	1			
Vydavatelstvo Ekonom	1			
Enigma Books	1			
Taylor Francis As	1			
Center Transylvanian Studies	3			
Paneuropean University Apeiron	1			
Iop Publ	6	39.954427	-75.14992029999999	United States
B T Batsford Limited	1			
Norsk Utenrikspolitisk Inst	1			
American Meteorological Soc	6	42.356916	-71.0670765	United States
Phaidon Press	3	40.726267	-73.9950006	United States
Scholastic Reference	1			
University of Delaware	1			
Elsevier Advanced Technology	1			
International Association of Research Institutes In The History of Art	1			
Editorial Galerna	1			
Omnibus Press Schirmer Trade Books	2			
Alfaguara	2			
Counc Foreign Relat	21	38.897563	-77.041276	United States
Blink	1			
University Tulsa	4	36.1519879	-95.946	United States
Soc Nautical Research	5			
Anthropos Editorial	1			
Edinburgh Companions To Literature	1			
Ayer Co Pub	1			
Nineteenthcentury Prose	2			
Oxford University Press Usa	12	40.7482596	-73.9828835	United States
Masarykova University	1			
Center For Strategic Intl Studies	1			
Michele Villanova	1			
Consejo Superior De Investigaciones Cientificas	3	40.0587791	-5.7542604	Spain
Hachette Uk	6	51.6220636	-1.3003594	United Kingdom
Tempus Pub Limited	1			
University Newcastle	2	-32.8927718	151.7041775	Australia
Gibbs Smith	1			
Catholic University American Press	9	38.9368811	-76.99869199999999	United States
Canadian Science Publ Nrc Research Press	1			
Editorial University De Costa Rica	2			
Roaring Brook Press	1			
New York Universitytamiment Inst	1			
University Press American	2	44.9559953	-93.1177002	United States
Garnstone P	1			
University of Toronto Press	13	43.66805720000001	-79.38638449999999	Canada
Smithsonian Associates	1			
Subsaharan Pub Traders	1			
Mcfarland	1			
Harper	1			
Sejong University Center Int Economics	1			
Baylor University	2			
Ohio State University Press	7	40.0040714	-83.0381448	United States
City University New York	1			
Pottermore	2			
Libresa	1			
Brill Academic Pub	1			
Inst Electrical Engineers	1			
Penguin	11	38.3098574	-104.5970104	United States
Crowood Press	1			
Ulverscroft Large Print Books	1			
Chooseco Llc	1			
Editorial Crítica	1			
Böhlau Verlag Köln Weimar	1			
Centro Estudios Historicus Consejo Super Invest Cientif	1			
Knopf Books For Young Readers	2	43.6439356	-79.39041089999999	Canada
John Wiley Sons	11	37.7894678	-122.4029354	United States
White Horse Press	2			
B De Books	8	43.2164666	-79.754539	Canada
Union Int Telecommunications	1			
University of New Mexico Press	1			
Stef92 Technology	2			
Ariz State University	3	33.4242399	-111.9280527	United States
Nation Co	2	32.748221	-97.052245	United States
Institute of Electrical And Electronics Engineers	2			
University of Saskatchewan	1			
Harvard Law School	1			
Acad Political Science	5	40.81093	-73.964066	United States
Columbia Journal Transnational Law Assoc	4	40.8070804	-73.96028969999999	United States
Clicbooks Digital Media	1			
Western History Association	2			
Centro Estudios Politicos Constitucionales	2			
New England Quarterly	11			
Soffer Publ	6	38.9069948	-76.83554099999999	United States
Grupo Nelson	1			
Suma Internacional	1			
Texas Am University Press	6	30.6116566	-96.33365739999999	United States
Oxbow Books	1			
Rosebelford	1			
Cornell Law School	1			
Llewellyn Worldwide	1			
Lid Editorial	3			
Mit Press Journals	2	42.360091	-71.09416	United States
Mcgraw Hill	24	37.1573333	-81.5342977	United States
Editorial Verbum	2			
Carnegie Endowment Intl Peace	1			
Arcadia Publ	1			
Studien Verlag	1			
Jason Aronson	1			
Macfadden Performing Arts Media Llc	1			
Pontificia University Catolica Chile Fac Letras	1			
Latinoamericana Editores	1			
Amberley Publ Limited	2			
Rafael Alcalde Cuellar	1			
Taylor Francis	28	25.8521278	-80.5660657	United States
American Inst Chemical Engineers	1			
Edizioni Plus	1			
Inst Engineering Technologyiet	1			
Environmental History	3	47.2445088	-122.437991	United States
Longman Australia	1			
Fondo Editorial De Nl	1			
Insula Libreria Edic Publ Sa	4			
University De Salamanca	1			
谷月社	1			
Frank Cass Publ	2			
University Press of Colorado	1			
World Scientific Publ Co Pte	1			
Infinity Pub	1			
Yijun Institute International Law	1			
Juan De La Cuesta	1			
U of Minnesota Press	3	44.9815131	-93.2623311	United States
Johns Hopkins University Press	100	39.3299013	-76.6205177	United States
Bowkersaur	1			
Ajuntamiento Eliana	1			
American Inst Planners	1			
North Texas Stat University	2			
Ril Editores	1			
Australian Inst Int Affairs	2			
Edizioni Nuova Cultura	1			
Council Foreign Relat Ions	5	38.897563	-77.041276	United States
University of Pennsylvania Press	26	39.95187960000001	-75.2017146	United States
Wiley	27	40.5335324	-74.54045839999999	United States
Fabrizio Serra Editore	1			
Religious Research Assoc	1			
Carroll Graf Publ	1			
Art Digest	1			
Gecmarconi Electronics	1			
University of Iowa Press	8	41.6711093	-91.542137	United States
University of North Texas Press	2			
University Southern Calif	1			
Macmillan Magazines	8	40.7235093	-74.0064435	United States
American Inst Aeronautics Astronautics	2	38.949595	-77.3861926	United States
M I T Press	11	37.5275918	-83.2715652	United States
University Pr of American	1			
Goteborgs Universityersitet	2			
W Bertelsmann Verlag Gmbh Co Kg	1			
Kluwer Law Int	10			
Longman Publ Group	1			
Museum Afr American Art	1			
New York Times	8	40.75608649999999	-73.9901118	United States
Academic Press	11	43.435981	-79.7148539	Canada
U of Nebraska Press	2			
Edwin Mellen Press	1			
Biomed Central	1			
New Republic	3	40.73549879999999	-73.9918813	United States
Blatt Ríos	1			
Ed Inst Boston University	11	42.3504997	-71.1053991	United States
Sage Publ India Pvt	1			
Editorial Uoc	1			
Springer Science Business Media	2			
Natl Poetry Foundation	2			
W W Norton Company	4	40.7539143	-73.9810162	United States
Elsevier Science	2			
Assoc Coll Research Libraries	1			
Editora Regional De Murcia	1			
Walter De Gruyter	1			
Hart Publ Limited	1			
Rodopi	1			
Publicaffairs	3	40.766288	-73.9825185	United States
Cent Great Plains Stud	2			
Presbyterian Historical Soc	3	39.9431122	-75.1499077	United States
Revues Org	1			
Authorhouse	1			
Clahr Spanish Colonial Res Center	1			
Lane Allen	1			
Soc Spanish Spanishamerican Studies	1			
University Northern Colorado Co Ester G Gonzalez Editor	1			
British Telecommunications Plc	1			
Brown University	1			
Penguin Canada	1			
Copernicus Gesellschaft Mbh	3	51.5351769	9.9222444	Germany
Royal Roads Military Coll	2			
University Penn Law Sch	4	39.9539003	-75.19311379999999	United States
Royal Scottish Geograph Soc	1			
Kentucky Historical Soc	5	38.1991164	-84.87475909999999	United States
Csic Consejo Superior De Investigaciones Cientificas	5	29.5181283	-98.45805569999999	United States
University Barcelona Servei Publicacions	1			
Lehigh University Press	1			
Berghahn Journals	13			
Michigan State University Press	8	42.71653209999999	-84.4929226	United States
Royal Inst Int Affairs	6			
Humanities Press	2			
Butterworthheinemann	1			
Pennsylvania State University Press	4	40.8119281	-77.8698675	United States
Books Llc	2			
Ecobook	2	35.5647952	139.7084129	Japan
European Institute	9	38.9029004	-77.0390135	United States
Editorial Paidotribo	1			
University Press of Virginia	14	38.0335529	-78.5079772	United States
Ekonom	3	52.0345571	29.191562	Belarus
University De Concepcion	2	-36.8294765	-73.0341825	Chile
Edinburgh University Pr	2	55.9445158	-3.1892413	United Kingdom
Faculty of European Studies	5	32.7770387	-117.0740298	United States
Inst of Social Sciences Ivo Pilar	1			
Bloomington Indiana University Press	1			
Manchester University Press	12	53.475184	-2.233768	United Kingdom
Keatsshelley Assoc American	1			
Tusquets Editor	1			
Modern Humanities Res Assn	3			
Peerj	2			
Portobello Books	1			
Assoc Historia Contemporanea Marcial Pons Ediciones Historia S A	1			
Domain	1			
Bell Laboratories	2			
Ediciones Granica Sa	2	-34.603125	-58.389902	Argentina
Brookings Inst	1			
Hudson Review	2			
Coll Polytechnics Jihlava	1			
Counterpoint Press	1			
Soc Spanish Spanishamer Studies	1			
Center Historical Social Researchzentrum Historische Sozialforschung	4			
American Heritage Subscription Dept	4	40.2338438	-111.6585337	United States
Hunter College Center For Puerto Rican Studies	2			
University of Wisconsin Press	7	43.0641729	-89.41877099999999	United States
University Virginia	1			
The Communications Network	1			
Bantam	1			
Canadian Journal Communication	1			
Publicaciones De La Residencia De Estudiantes	2			
Peter Lang Publ Group	2			
Royal Soc London	1			
University Nacional De Educacion A Distancia 1	1			
Soc Historians Early American Republic	5	39.953409	-75.1916499	United States
Wilfrid Laurier University Press	4	43.4723532	-80.5263399	Canada
New York Harper Row	1			
Amberley Pub Plc	1			
Transaction Publ	3	40.5183764	-74.3342279	United States
Random House Canada	2			
Popular Culture Assn	1			
New School University	3	40.735547	-73.994297	United States
Harper Collins	15	40.7109511	-74.0099293	United States
Ottawa Fieldnaturalists Club	1			
Akademie Verlag Gmbh	1			
La Editorial Upr	1			
Rihaint Assoc Research Inst History Art	1			
Nicolae Balcesculand Forces Academy	5	45.7890525	24.1553569	Romania
University Marylandctr Renaissance Baroque Stud	1			
Broadview Press	1			
Farrar Straus And Giroux	4	40.727422	-74.005961	United States
Vanderbilt University Press	5	36.1447034	-86.8026551	United States
Commonwealth Secretariat	1			
Erich Schmidt Verlag	1			
Bloomsbury Academic	1			
Locke Science Publ Co	1			
Gesis – Leibniz Institute For The Social Sciences	4			
Eurocontrol	2	50.8835372	4.430738499999999	Belgium
Springerverlag France	1			
Artnews Assoc	1			
University Washington	1			
Via Medica	1			
Us Army Judge Advocate Generals Corps	1			
Georgia State University	2			
University Presov	1			
Naval Inst Press	1			
Mulholland Books	1			
Illinois Institute of Technology	2			
Theatre Crafts Assoc	1			
European Institute Public Administration	1	49.6339696	6.1668693	Luxembourg
Verso	1			
Aslib Publ	1			
University Costa Rica Centro Investigacion Identidad Cultura Latinoamericana	2			
Bloomsbury Publ Plc	6	51.5185807	-0.1291453	United Kingdom
Bloomsbury Publ Usa	8	40.6543524	-75.08655770000001	United States
American Library Assn	1			
American Soc Mechanical Engineers	1			
The Stationery office	1			
Eartnow	1			
Cork University Press	1			
Soc Advancement Scand Stud	1			
Assoc Elettrotecnica Ed Elettronica Italiana	1			
West Virginia University Press	2	39.6361396	-79.95593579999999	United States
Loyola University Midamerica	1			
Logos Verlag Berlin Gmbh	1			
Destino	1			
Walter De Gruyter Co	1			
Springer Berlin Heidelberg	3	49.424617	8.656530499999999	Germany
Federal Trust	1			
Assoc Francaise D Etudes Americaines	1			
Natl Council Teachers English	1			
Peabody Museum	4	41.315785	-72.921048	United States
Bulfinch Press	1			
Oxford University Press United Kingdom	2			
Harpercollins	6	40.7109511	-74.0099293	United States
Fordham University Press	5	40.8620404	-73.88569869999999	United States
Lorenzo Peña	1			
Coll Art Assoc	1			
Editorial Galaxia	4	42.2256023	-8.7139431	Spain
Economica Publ office	1			
Crown	1			
Presses University Bordeaux	1			
History Press	1			
Intellect	17	33.9771315	-118.3922874	United States
University Miami	1			
British Library Board	1			
Ac Black	3	47.243251	-122.450008	United States
Institute of Economics Ural Branch of The Russian Academy of Sciences	1			
Council On Foreign Relations	4	38.897563	-77.041276	United States
Maney Publ	20	37.0375127	-76.4507604	United States
Plateaus New Directions In Deleuze Studies	1			
Prof Sci Publ	1			
Modern Library	1			
University of New Brunswick	1			
Thomas Rid	1			
Icaria Editorial	3	41.391551	2.177559	Spain
Peter Lang Gmbh Internationaler Verlag Der Wissenschaften	2			
World Policy Inst	2			
Purdue University Press	5	40.42500250000001	-86.9127264	United States
Cabi	1			
New York University	5	40.72951339999999	-73.9964609	United States
Texas A And M University Press	1			
Namaste Pub Incorporated	1			
Lsu Press	3	35.3838046	-78.5386204	United States
National Geographic Society	1			
American Society of Transportation And Logistics	2			
Academic Press Jnlcomp Subscriptions	1			
Konigshausen Neumann Gmbh	2			
University of Massachusetts	2			
British Agricultural History Soc	1			
Penn State University Press	13	40.8119281	-77.8698675	United States
Organisation For Economic Cooperation And Development Oecd	1			
Marshall Cavendish	1			
English Folk Dance Song Soc	2	51.538111	-0.149297	United Kingdom
Finnish Anthropological Society	1			
Ediciones Robinbook	2			
University Huelva Serv Publicaciones	2			
Russell Sage Foundation	4	40.7656174	-73.966974	United States
Inst Colombiano Antropologia Historia	1			
Berghahn Books Editorial offices	1			
Northwestern University School Law	1			
Frederick Ungar	1			
Latin American Research Review	1			
Radical Philosophy	3			
Evro Publ Limited	1			
Debate	5	55.12982460000001	-3.1753796	United Kingdom
Random House Value Pub	1			
Central China Normal University	1			
Collector	1			
Springer International Publ	18	40.72582200000001	-74.004834	United States
Revista De Estudios Hispanicos	11	38.6481283	-90.3061518	United States
Gesis Leibniz Inst Social Sciences	2			
Vwbverlag Wissenschaft Bildung	2	52.50489	13.3939101	Germany
Routledge Taylor Francis Group	1068	38.9765537	-84.6335945	United States
Infarom Publ	1			
Brookings Institution Press	13	38.9090159	-77.04055579999999	United States
Text Publ	1			
Csiro Publ	1			
House of Anansi	3	43.65355719999999	-79.4452685	Canada
Editorial Anagrama	1			
Editorial Universityersitaria	1			
Books Llc Wiki Series	1			
Geological Soc American	1			
Coll Language Assoc	1			
Head of Zeus	1			
Editorial Csic Csic Press	6			
Literatura Random House	4			
University Fed Rio De Janeiro Fac Letras	1			
Silesian University Opava School Business Administration Karvina	2			
Idb	1			
American Inst Aeronaut Astronaut	3			
University of Queensland Press	1			
Study of Europe Columbia University	1			
Thames Hudson	1			
Elsevier Sci	16	40.7421039	-73.98557679999999	United States
Palarch Foundation	2			
Duquesne University	1			
Upne	5	43.6431002	-72.2528007	United States
Peterson Institute	2			
Appalachian State University Appalachian Journal	1			
Giorgio Nada Editore	1			
University Massachusetts Massachusetts Review	1			
Educational Studies Press	1			
Departamento De Literatura EspaãÂ±Olauniversityersidad De Sevilla	2			
European Institute of Romania	2	44.4347141	26.1003173	Romania
Atlantic Publ Croxley Green	1			
Springer International Publ Ag	2			
University Santiago De Compostela	1			
University of Arizona	2			
Ashgate Publ	141	44.4795357	-73.2131808	United States
Planeta Argentina	1			
Siglo Xxi De España Editores	3			
Carfax Publ	3	38.843461	-77.438138	United States
Nan A Talese	1			
New Press The	1			
Nation Books	1			
University of Michigan Press	4	42.2707579	-83.7468446	United States
Universityersitat De València	6			
Project Muse	5	39.3210859	-76.61680249999999	United States
Kauno Technologijos University Europos Inst	1			
Igi Global	2			
Mdpi Ag	2			
Foundation House Perseverance Works	1			
Penn State Press	1			
James James Science Publ Ltdearthscan	2			
Centre For European Policy Studies	1			
Open Library Humanities	1			
T T Clark Attn Mrs S Grant	2			
Orpheus Publ	1			
Superbrands	1			
Reed Business Information	6	40.7419302	-73.98543130000002	United States
Editorial Kairós	1			
Nova Science Publ	54	40.818578	-73.26606799999999	United States
University Chicago Press	71	41.7858303	-87.59053970000001	United States
John Benjamins Publ Company	1			
Lit Verlag Münster	4	51.98394	7.61076	Germany
I O S Press	1			
American Bar Association	1			
Mcgillqueens University Press	13	44.227548	-76.49501339999999	Canada
Palgrave Macmillan	182	40.7410895	-73.9896559	United States
American Geographical Soc	2			
Bubok	3	40.4242499	-3.6960818	Spain
Mark Batty Pub	1			
American Soc Int Law	3	38.9124153	-77.0500338	United States
Hofstra University Press	1			
Performing Arts Entertainment Canada	1			
Kline Geology Laboratory	3	41.3165786	-72.9210891	United States
Transcript Verlag	3	52.01801829999999	8.5372215	Germany
Delacorte Books For Young Readers	1			
Literaturas Com Libros	1			
Interpress Verlag Gmbh	7	53.5661499	10.0180857	Germany
Springer Verlag	6	40.72582200000001	-74.004834	United States
American Soc Engineering Education	6	38.9069328	-77.0429695	United States
Pan Macmillan	3	28.4830036	77.1044233	India
Interresearch	2			
Inst Water Environmental Management	2			
Verlag Int Politik Gmbh	1			
Lulucom	4	35.8705445	-78.8603577	United States
University of Georgia Press	18	33.9542068	-83.3738346	United States
University Press of America	1			
Indiana University	1			
University of Zagreb	2			
Harvard Business School Publ Corporation	1			
Foundation Study Independent Social Ideas	1			
Haynes Publ Uk	1			
Journal Applied Economics Business Research	1			
Assoc Collegiate Sch Planning	1			
Wayne State University Press	3	42.355846	-83.06417200000001	United States
Western History Assoc	2			
Sixteenth Century Jnl Publ	1			
University North Carolina	8	35.9049122	-79.0469134	United States
Cup Archive	1			
University Rochester Press	1			
Courier Corporation	2	42.6451697	-71.38856059999999	United States
Int Assoc Energy Economics	1			
Friedrich Vieweg Sohn Verlagsgesellschaft Mbh	1			
University Industrial Santander	1			
Martinus Nijhoff Publ	3			
Luis Vives Editorial	1			
Samuel French	1			
Ediciones Trilce	2			
The Overlook Press	1			
Colegiul Medicilor Iasi	1			
Crown Archetype	1			
Foreedge An Imprint of University Press of New England	2			
American Chemical Soc	3	38.90533629999999	-77.0363503	United States
American Anthropological Assoc	3	38.89004	-77.086674	United States
Macmillan Childrens Books	1			
Macmillan Publ	1			
Cambridge Scholars Publ	1			
Editorial Montesinos	1			
Birkhäuser	1			
Asoc Espanola Estudios Anglonorteamericanosaedean	1			
E J Brill	3	42.35729	-71.05528	United States
Editions Assouline	1			
Stanford University Press	3	37.4856021	-122.2042498	United States
Universityersitat De Lleida	1			
Kluwer Academic Publ	16	40.72582200000001	-74.004834	United States
Keck Center Int Strategic Studies	1			
Jagiellonian University Press	3	50.06256190000001	19.9346778	Poland
Phi Alpha Theta	4	28.0614038	-82.4093735	United States
Louisiana State University	2	30.4132579	-91.1800023	United States
Groundwood Books	1			
Canadian Committee Labour History	2			
Crc Press	3	26.403015	-80.114998	United States
Schocken	1			
Universityersitaetsverlag Winter Gmbh	2			
Springerverlag Berlin	2			
Tusquets Editores Sa	1			
Greenwood Publ Group	2			
Society For American Archaeology	2			
Werner Publ Co	1			
Emerald Group Publ	8	42.3780339	-71.1063818	United States
Natl Acad Sciences	3	38.893023	-77.0477267	United States
Fundacio Cidob	4	41.38339	2.1685488	Spain
Ecological Soc American	1	38.9053836	-77.04448289999999	United States
Harvard Business School	4	42.3655147	-71.1221412	United States
Andres Bello	2	8.738837799999999	-71.4061876	Venezuela
Boydell Brewer	3	43.1369666	-77.613913	United States
The Johns Hopkins University Press	1			
Aguilar	1			
Bibliobazaar Llc	4			
Aampc Black	1			
Indiana Universitypurdue University	1			
Ibtauris	1			
Institute of Society Transformation	1			
Guilford Publ	1			
The Kent State University Press	2			
Cowles History Group	1			
Faber Faber	1			
Doubleday	2	43.0863615	-92.6335206	United States
Vintage	12	36.1465897	-95.94067989999999	United States
Wageningen Academic Publ	2	51.9697508	5.652625	Netherlands
University De Castilla La Mancha	1			
Lithuanian Acad Sciences	1			
Sch Adv Urban Studies	1			
African American Review	2			
British Sociological Assoc	1	54.78722699999999	-1.538061	United Kingdom
Brown University Ctr For Old World	2			
Jhu Press	3	39.321074	-76.6167679	United States
Peeters Publ	2			
Nomos Verlagsgesellschaft	5	48.7683848	8.2290752	Germany
University Ottawa Dept Communication	1			
Narcea Ediciones	2	40.40401019999999	-3.7156435	Spain
General Books	1			
General Jonas Zemaitis Military Academy of Lithuania	1			
The Obrien Press	1			
Duke University Pr	1			
St Martins Press	3	40.740993	-73.989659	United States
La Esfera De Los Libros	1			
University of South Carolina Press	1			
Industrial Press	1			
Springerverlag Wien	2			
Hindawi Publ Corporation	1			
Astronomical Soc Pacific	1			
Eagle Publ Corporation	1			
Ediciones Carena	1			
Science Press	1			
Lom Ediciones	2	-33.4466328	-70.6660643	Chile
Waterbrook	1			
Wileyliss	1			
American Assn Teach Span Portug	1			
Publ House Jurist	2			
Princeton University Press	22	40.3498879	-74.6536503	United States
New York Acad Medicine	1			
Birkhauser Verlag Ag	2			
University of South Carolina Aiken	3	33.57299	-81.77107749999999	United States
University of New Hampshire Press	19	43.6431002	-72.2528007	United States
University Nacional La Pampa Fac Ciencias Humanas	1			
Cua Press	1			
Elsevier Science Bv	25	39.355465	-84.45933699999999	United States
Anchor Canada	1			
American Historical Review	36	39.1629243	-86.5220037	United States
Universityersitatsverlag C Winter Heidelberg Gmbh	1			
Scholars Press	1			
University Illinois	1			
Temple University	3	39.9811935	-75.1553512	United States
Palacky University	1			
Intertec Publ Corp	1	40.741523	-73.999883	United States
Hamangiu	1			
B Books Sello	1			
Knopf Canada	1			
Dodd Mead	1			
Editorial Abya Yala	1			
Universityersidade Federal Fluminense	1			
American Musicological Society	1			
Transaction Period Consortium	7			
University Economics Prague Fac Int Relations Res Plan	1			
Appalachian State University	5	36.2134842	-81.6841448	United States
Hardpress Publ	1			
Interperiodica	4			
Fundacion Biblioteca Ayacuch	2			
Imprint Academic	1			
Bitter Lemon Press	2			
Royal Soc Medicine Press	1			
University of North Carolina Greensboro	2			
Heinemann Educational Books	1			
Slovak Academic Press	1			
Soc American Archivists	1			
University Texas Press	6	30.285063	-97.778747	United States
Irish American Cultural Inst	1			
Soc American Archaeology	2			
Kluwer Academic Publishersplenum Publ	1			
Atlantic Books	1			
National Academies Press	1			
Gallaudet University Pr	1			
Indiana University Pr	1			
University New Brunswick	2	40.5008186	-74.44739910000001	United States
Physicaverlag Gmbh Co	1			
University Press of Mississippi	12	32.3387164	-90.1419751	United States
Konigshausen Neumann Verlag	1			
Inst Interdisciplinary Res	1			
Yale Law J Co	1			
Ediciones Rialp	1			
University Iowa	2			
University Toronto Press	28	43.66805720000001	-79.38638449999999	Canada
Parragon Incorporated	1			
Suny Press	3	42.6503027	-73.75275959999999	United States
Geographical Assoc	2			
Mcgraw Hill Professional	3	39.427302	-76.9760529	United States
American Antiquarian Soc	2			
Frank Cass	11	40.744183	-86.374415	United States
Soc Military History	3	41.8806123	-87.62491179999999	United States
Editorial Liber Factory	1			
University De Chile	1			
Washington State University	2	46.7319225	-117.1542121	United States
University Nacl Educacion Distanciauned	1			
African Studies Program	4	42.05473629999999	-87.6783616	United States
The University of North Carolina Press	1			
Harry N Abrams	1			
Isbs	1			
Grin Verlag	1			
Alhena Media	2			
Bowling Green Popular Press	2	41.3797788	-83.6300826	United States
Mendel University Brno	2			
Hoover Institution	1			
University Carlos Iii Madrid	1			
Veb Verlag Enzyklopadie	1			
Penguin Mass Market	1			
Brant Publ	2			
Dartmouth College Press	3	43.7044406	-72.2886935	United States
Choice Publ Co	1			
Canadian Center Science Education	1			
Almqvist Wiksell Int	1			
Unisa Press	1			
London Museum Press	1			
University Melbourne Melbourne Law Sch	1			
University of North Carolina Press	17	35.9155658	-79.04552699999999	United States
Indiana University Press	40	39.1710666	-86.51702680000001	United States
Liverpool University Press	29	53.40242199999999	-2.966703	United Kingdom
Open Road Media	6	40.7052599	-74.0055148	United States
Midwest Modern Language Assoc	1			
Pluto Press	1			
Harpercollins Uk	4	55.91652149999999	-4.207313699999999	United Kingdom
Calkins Creek Books	1			
University Ljubljana Fac Social Sciences	1			
Metropolitan Opera Guild	1			
Editorial Renacimiento	1			
Cbay Books	1			
Assoc Consumer Research	1			
World Scientific	1			
Sears Foundation Marine Research	1			
Hmh	1			
Forum Italicum	3	47.933664	12.734098	Germany
Conecta	2			
Yale University Press	24	41.30948600000001	-72.9252999	United States
Nuyorican Poets Cafe Pr	1			
U C L A American Indian Studies Center	1			
University of Nevada Press	1			
Anchor	2	37.6857813	-97.3246538	United States
George Mason University	4	38.8315541	-77.3120885	United States
Espuela De Plata	1			
Nelson Thornes	1			
Heritage Foundation	1			
Walter De Gruyter Gmbh	10	42.355065	-71.054098	United States
Germanic Notes Reviews	1			
Anthem Press	1			
Times Newspapers	8	38.59284	-90.35998099999999	United States
Aelfe	3			
American Sociological Assoc	2	38.9022247	-77.0331763	United States
I E E E Computer Soc Press	1			
American Mathematical Soc	1			
Duke University Press	87	35.9998838	-78.9095961	United States
Organization American Historians	62	39.1673546	-86.50775379999999	United States
Rowman Littlefield Publ	1			
Biteback Publ	1			
University of Oklahoma Press	1			
Centro De Estudios Migratorios Latinoamericanos	1			
Elsevier	25	39.9535908	-75.16722779999999	United States
Company Scottish History Limited	1			
University of Washington Pr	1			
Royal Society	2			
Vandenhoeck Ruprecht	1			
History Educ Quarterly	1			
Servicio Publ University Navarra	2			
Columbia Law Review Association	2	40.8070804	-73.96028969999999	United States
Royal Soc	12	45.4165337	-75.6934144	Canada
University Nacional De La Pampa	2	-36.6204651	-64.2899243	Argentina
Texas Law Review Publ	2			
University Georgia	1			
University Hawaii Press	6	21.3069738	-157.8123727	United States
